Patient_ID,Age,Weight_kg,Height_m,Department,BMI
101,45.0,70,1.75,ICU,22.857142857142858
105,60.0,55,1.55,ICU,22.892819979188342
