Patient_ID,Department,Age,Bill_Amount
101,ICU,45.0,50000.0
102,Emergency,22.0,15000.0
103,ICU,39.333333333333336,45000.0
105,Emergency,34.0,12000.0
106,Surgery,39.333333333333336,80000.0
107,ICU,60.0,55000.0
108,Emergency,25.0,10000.0
