Patient_ID,Weight_kg,Height_m,BMT
101,70,1.75,22.857142857142858
102,85,1.6,33.20312499999999
103,65,1.8,20.061728395061728
104,90,1.7,31.14186851211073
105,55,1.55,22.892819979188342
